feature,importance
Open,98.05966814364943
hist_store_dow_promo_log_sales,0.6359159793402128
hist_store_dow_log_sales,0.4602095172588512
Promo,0.1779431210402539
Store,0.163889275502134
DayOfWeek,0.14621387423460952
day_of_year,0.04964909461637201
Assortment,0.030254113440196448
weekend,0.029804377016801744
year,0.029444021937874564
days_from_start,0.027617774195482916
hist_store_dow_promo_count,0.02714737561849875
StoreType,0.02284993483480325
month,0.017898269015577135
PromoInterval,0.01622162044669683
StateHoliday,0.016148010023477325
CompetitionDistance_log,0.016136619250633664
day,0.013610415053194082
quarter,0.00966055682855833
CompetitionOpenSinceYear,0.008547694802600137
week,0.008341729101218241
promo2_active,0.007541752861693426
Promo2SinceYear,0.0072098387640852956
week_of_year,0.005287768844404642
CompetitionOpenSinceMonth,0.004418674239044396
SchoolHoliday,0.004043710791976609
Promo2SinceWeek,0.003819566107035128
promo2_month_active,0.0004421104798432775
Promo2,6.506070421903414e-05
